{
    "recall": {
        "1": 0.9583333333333334,
        "3": 0.3333333333333333,
        "5": 0.20000000000000004,
        "10": 0.10000000000000002
    },
    "map": {
        "1": 0.9583333333333334,
        "3": 0.9583333333333334,
        "5": 0.9583333333333334,
        "10": 0.9583333333333334
    }
}